BidId,PersonId,ProductId,Amount,Timestamp
,780,930,6900.81,2020-10-15 20:19:21
,725,635,9043.0,2020-09-20 05:54:25
,900,87,8418.78,2020-08-31 05:14:40
,646,641,4099.33,2020-06-16 15:39:07
,217,808,4948.96,2020-03-16 07:38:39
,793,59,3674.74,2020-03-02 14:32:25
,23,239,2962.61,2020-09-04 21:02:32
,880,270,1085.38,2020-11-25 19:28:26
,942,448,4819.93,2020-04-04 03:10:38
,610,309,7617.26,2020-10-28 03:51:49
,297,242,8566.46,2020-07-29 13:55:31
,931,895,2247.59,2020-05-08 21:33:11
,122,883,1915.77,2020-04-03 05:19:46
,725,55,7212.26,2020-02-23 18:12:51
,823,181,321.7,2020-04-11 01:32:19
,902,379,3800.89,2020-11-17 16:49:51
,238,660,190.39,2020-09-06 07:59:07
,624,683,9470.38,2020-11-22 13:16:44
,365,636,4459.16,2020-10-06 15:42:36
,817,443,1101.96,2020-01-07 23:50:40
,574,80,210.1,2020-10-27 02:38:13
,859,435,4311.56,2020-06-17 08:23:31
,635,657,9161.21,2020-01-31 04:48:13
,502,247,2746.72,2020-12-05 15:50:18
,749,556,4876.08,2020-04-06 14:29:40
,323,802,166.84,2020-05-17 20:19:10
,828,850,1200.11,2020-02-22 17:48:35
,294,942,3489.11,2020-06-05 12:50:59
,824,271,910.65,2020-03-02 12:42:36
,513,403,7380.23,2020-10-12 14:56:27
,748,464,1529.51,2020-10-11 11:23:47
,480,684,6578.01,2020-05-10 00:54:19
,68,537,8994.36,2020-06-18 21:32:05
,468,506,6324.28,2020-04-10 13:33:18
,998,435,9383.52,2020-03-07 23:46:03
,799,457,1334.3,2020-11-20 20:38:40
,476,40,242.0,2020-04-09 22:32:12
,603,980,5276.36,2020-03-29 07:44:14
,7,272,5914.0,2020-03-22 10:05:04
,976,74,652.08,2020-04-20 05:25:39
,849,650,3033.92,2020-09-04 02:43:58
,987,124,101.3,2020-07-16 08:49:35
,17,751,5376.63,2020-09-23 00:15:06
,836,191,6631.43,2020-05-19 07:28:46
,403,917,5552.22,2020-10-21 10:58:18
,312,59,6887.66,2020-03-27 18:57:53
,111,994,7456.91,2020-07-26 18:16:56
,310,541,9073.11,2020-01-02 09:29:42
,775,376,4353.22,2020-08-25 23:05:44
,48,909,7358.1,2020-03-14 16:09:48
,540,963,7108.58,2020-05-11 03:52:19
,634,923,6663.64,2020-08-24 05:40:37
,888,700,8937.81,2020-07-07 09:38:56
,307,184,5132.15,2020-08-09 09:33:08
,824,774,922.3,2020-07-03 11:31:37
,828,516,8753.44,2020-09-18 00:37:26
,169,455,2354.83,2020-10-06 16:11:02
,660,208,6840.28,2020-03-29 02:15:21
,421,278,8372.99,2020-05-21 05:01:20
,135,159,5405.15,2020-02-29 14:29:45
,751,92,9059.72,2020-02-07 12:09:27
,923,580,7310.51,2020-09-14 11:39:56
,851,900,496.85,2020-09-04 16:24:04
,887,784,856.06,2020-07-04 09:41:03
,490,505,2419.81,2020-03-19 00:55:03
,443,8,1773.28,2020-11-30 23:47:47
,51,403,8834.98,2020-10-11 04:56:29
,957,750,2735.72,2020-04-02 18:09:13
,685,195,7051.81,2020-05-20 22:58:58
,708,503,8098.88,2020-11-12 21:11:07
,271,936,9352.14,2020-09-20 11:15:16
,921,422,1628.43,2020-06-26 08:30:20
,118,260,2588.0,2020-11-04 20:29:01
,841,10,7919.29,2020-11-16 16:58:40
,32,262,760.87,2020-03-06 13:08:24
,37,283,9945.25,2020-07-24 06:54:27
,876,749,329.5,2020-02-26 11:41:42
,142,777,3080.51,2020-10-07 10:07:20
,177,951,3958.94,2020-03-02 06:21:34
,945,672,4855.49,2020-07-06 11:30:35
,278,979,7155.05,2020-02-16 17:32:56
,59,659,5686.93,2020-08-05 19:16:48
,925,781,7316.6,2020-08-15 07:53:33
,629,241,3823.7,2020-11-20 05:54:00
,117,285,9287.25,2020-09-30 20:44:25
,715,776,5011.8,2020-09-11 23:43:45
,721,536,3852.25,2020-01-24 13:04:37
,115,173,5512.32,2020-07-29 09:40:02
,567,708,3991.93,2020-06-28 19:25:33
,739,957,1108.44,2020-10-12 16:12:27
,960,645,1220.49,2020-08-30 19:21:13
,141,474,1200.38,2020-04-11 03:36:14
,415,713,7678.87,2020-01-03 06:23:10
,546,621,1425.74,2020-06-15 07:24:02
,467,228,4307.75,2020-11-12 12:25:14
,194,491,1891.29,2020-10-08 14:34:57
,927,922,1240.46,2020-09-08 04:36:01
,518,546,7055.42,2020-04-21 18:22:36
,998,69,6183.39,2020-06-03 12:50:05
,659,418,8684.66,2020-11-03 12:26:23
,29,577,512.96,2020-09-16 03:48:39
,80,752,1978.59,2020-02-23 14:41:58
,36,248,8026.92,2020-05-12 16:37:22
,380,79,1541.44,2020-05-15 22:19:28
,659,237,8737.71,2020-02-12 06:48:51
,445,887,3333.8,2020-04-24 12:29:00
,256,145,9094.48,2020-11-02 14:57:26
,101,852,2579.76,2020-08-31 07:18:18
,614,757,8604.33,2020-04-27 07:33:28
,983,451,4525.62,2020-05-24 10:32:12
,545,809,4253.2,2020-11-28 00:11:40
,453,835,602.58,2020-10-30 08:33:10
,421,172,8380.7,2020-08-06 08:01:33
,650,618,1265.57,2020-05-20 07:51:07
,965,674,5199.2,2020-02-23 14:41:48
,981,696,2606.24,2020-03-19 05:44:55
,752,205,5385.59,2020-08-23 00:31:24
,370,791,9283.69,2020-01-18 23:44:05
,528,895,885.79,2020-05-27 06:14:56
,897,494,318.46,2020-01-05 06:01:57
,437,865,802.25,2020-11-29 12:49:12
,18,839,8918.14,2020-06-23 14:50:35
,119,354,7233.02,2020-04-21 01:36:36
,269,824,9347.74,2020-01-01 16:35:43
,597,974,2611.19,2020-12-03 21:56:35
,436,673,1291.74,2020-07-31 22:23:25
,370,86,4035.89,2020-01-09 16:53:40
,996,655,4123.11,2020-09-10 08:53:43
,463,139,3344.54,2020-10-19 13:29:38
,41,701,6907.63,2020-05-11 13:45:55
,583,903,9705.34,2020-09-10 13:17:01
,357,488,7340.62,2020-11-25 10:42:40
,300,609,745.17,2020-01-25 13:06:00
,72,743,3292.18,2020-09-22 14:05:26
,623,567,8727.61,2020-05-30 06:14:38
,216,596,5908.87,2020-09-12 07:25:49
,55,316,3572.56,2020-04-06 03:40:37
,892,296,5571.88,2020-09-22 13:15:13
,439,357,7991.27,2020-01-16 17:29:53
,794,150,1650.14,2020-10-06 23:12:09
,733,783,1140.65,2020-07-04 07:41:28
,11,511,7682.67,2020-05-24 00:40:27
,800,483,6928.4,2020-05-07 23:15:10
,599,62,5915.04,2020-06-21 16:21:41
,834,238,4139.28,2020-10-18 09:52:11
,816,418,9504.88,2020-05-22 06:31:11
,105,108,3966.24,2020-11-16 06:58:55
,52,322,7458.44,2020-12-05 02:54:42
,708,735,9169.09,2020-09-13 00:07:31
,611,175,7943.7,2020-03-01 18:25:49
,991,673,6714.83,2020-03-24 13:27:08
,163,663,1641.77,2020-07-21 02:30:50
,524,942,686.62,2020-07-25 09:32:08
,520,734,2206.88,2020-08-10 02:19:17
,311,142,3119.19,2020-04-02 05:04:41
,534,835,3107.08,2020-06-17 08:09:50
,955,257,8695.99,2020-04-04 18:13:09
,233,819,8679.22,2020-02-16 22:43:25
,179,622,9102.33,2020-06-19 07:57:48
,209,829,9840.49,2020-07-08 23:42:57
,778,18,3769.87,2020-03-07 01:42:06
,546,379,5494.81,2020-03-01 19:27:24
,591,871,907.7,2020-10-14 21:18:56
,118,43,1620.08,2020-07-21 02:50:54
,892,587,2510.13,2020-09-06 16:48:34
,33,749,8592.53,2020-01-11 23:23:30
,677,844,1518.51,2020-10-05 09:48:10
,343,644,7444.54,2020-10-26 08:55:27
,375,235,1356.62,2020-11-24 21:45:11
,588,577,7051.35,2020-07-19 05:22:08
,234,843,2202.34,2020-08-28 00:25:31
,324,630,43.68,2020-01-12 16:38:48
,109,613,7033.05,2020-02-04 22:01:52
,291,503,9891.22,2020-06-30 17:05:06
,885,331,2068.51,2020-02-05 12:50:34
,342,240,6080.19,2020-04-27 00:03:56
,387,277,1505.55,2020-05-29 15:24:12
,71,493,8023.18,2020-11-14 01:32:34
,454,902,6138.66,2020-04-07 05:44:44
,622,27,797.18,2020-03-19 18:43:35
,1000,814,7002.86,2020-02-10 12:31:29
,814,502,1018.72,2020-05-15 07:25:28
,687,489,8644.41,2020-12-07 18:48:59
,89,955,5849.78,2020-04-05 05:29:59
,972,577,7636.97,2020-10-01 11:37:05
,83,574,8645.36,2020-06-14 07:06:35
,994,795,345.18,2020-05-30 18:45:05
,540,868,7648.76,2020-06-19 15:41:17
,475,695,4301.57,2020-01-26 20:41:05
,180,218,3102.31,2020-08-20 00:04:57
,73,884,9096.61,2020-06-10 16:32:48
,372,316,8352.81,2020-09-10 11:19:46
,647,630,9536.01,2020-11-11 17:37:23
,491,452,4108.68,2020-02-17 22:32:56
,311,361,2377.39,2020-02-02 05:42:25
,466,718,5260.22,2020-04-21 17:25:33
,700,858,4201.62,2020-09-27 05:25:52
,745,125,274.62,2020-03-01 14:20:06
,719,535,974.37,2020-09-14 05:09:47
,505,697,6257.65,2020-05-23 16:25:29
,328,367,2253.0,2020-01-03 16:25:07
,486,285,6567.49,2020-08-11 22:26:42
,874,650,5382.14,2020-11-28 14:05:49
,297,247,3753.49,2020-04-05 13:36:49
,624,591,5095.6,2020-07-13 09:02:50
,870,122,2310.31,2020-06-13 09:17:58
,857,313,3523.99,2020-08-01 20:01:14
,772,294,6458.56,2020-03-22 02:23:10
,126,561,1505.12,2020-11-27 03:23:40
,440,477,7601.49,2020-07-07 13:23:56
,276,249,9151.32,2020-11-18 13:57:01
,29,753,8236.35,2020-06-27 01:06:51
,44,740,7198.12,2020-11-17 04:01:06
,13,643,8407.62,2020-09-03 16:06:06
,617,490,3260.52,2020-03-26 12:24:26
,410,463,2461.3,2020-02-27 10:33:26
,710,744,8672.57,2020-03-04 15:50:51
,677,98,8164.86,2020-09-26 16:15:22
,94,435,9738.38,2020-05-24 22:30:17
,207,962,4529.65,2020-07-26 10:17:42
,810,297,8215.65,2020-04-05 12:37:18
,336,323,5173.52,2020-11-12 23:31:36
,266,10,9606.76,2020-01-02 10:25:10
,714,966,2324.77,2020-03-23 02:24:13
,526,175,9899.1,2020-12-06 13:16:06
,78,437,958.93,2020-09-13 03:21:51
,492,692,8403.75,2020-03-20 03:31:41
,516,195,9030.8,2020-08-30 17:28:50
,449,452,709.73,2020-01-25 00:22:15
,464,181,9882.18,2020-05-24 10:53:59
,608,233,1159.71,2020-06-26 05:06:42
,376,908,2195.55,2020-07-19 08:37:46
,999,141,4391.12,2020-01-21 01:49:46
,344,863,3171.41,2020-02-20 07:56:20
,603,382,2268.43,2020-02-27 02:36:03
,989,494,9218.99,2020-05-01 11:49:07
,396,897,9916.43,2020-06-29 18:33:29
,985,150,4098.6,2020-04-09 15:06:37
,845,939,4821.29,2020-10-12 23:58:09
,796,910,483.92,2020-01-15 13:42:33
,161,85,6367.27,2020-06-08 14:33:17
,524,293,8689.81,2020-09-20 16:08:43
,219,186,7064.46,2020-05-06 14:05:35
,598,593,9457.32,2020-11-13 02:51:26
,537,407,5175.12,2020-09-06 05:10:49
,130,858,5509.11,2020-07-12 01:30:08
,709,212,7862.74,2020-02-06 09:08:33
,327,502,74.57,2020-07-21 10:00:20
,458,478,1690.92,2020-04-17 21:37:38
,59,671,1401.25,2020-06-10 10:18:02
,608,356,5215.42,2020-02-08 21:02:33
,678,606,7151.52,2020-07-16 16:31:23
,640,159,8613.4,2020-10-11 12:59:03
,836,58,7092.13,2020-04-17 01:50:44
,187,912,420.55,2020-11-15 23:18:57
,764,732,1152.13,2020-08-24 06:39:38
,594,578,9971.85,2020-06-04 16:54:30
,88,485,8004.34,2020-01-29 20:34:31
,683,703,4068.21,2020-04-23 06:04:12
,788,526,9818.44,2020-07-06 02:35:49
,996,380,7467.76,2020-09-19 05:04:09
,544,582,1363.78,2020-10-02 18:22:37
,463,713,7683.57,2020-10-30 20:46:51
,963,731,2069.92,2020-11-12 13:07:29
,561,35,6819.4,2020-06-14 21:20:19
,295,78,3966.93,2020-09-16 07:39:14
,917,378,3775.33,2020-02-13 14:16:08
,832,41,4597.42,2020-06-19 14:33:58
,615,810,9269.8,2020-09-27 17:20:33
,7,323,2258.71,2020-04-28 11:17:33
,731,555,8992.04,2020-11-27 20:18:54
,159,199,424.97,2020-04-19 07:29:12
,888,679,8612.26,2020-02-08 15:55:34
,72,776,8057.19,2020-07-16 23:34:14
,472,54,2467.18,2020-08-02 08:32:26
,462,844,3889.38,2020-11-15 01:06:52
,530,701,5012.83,2020-05-04 03:05:40
,849,110,3010.61,2020-08-13 13:41:38
,525,216,2082.7,2020-08-22 16:17:15
,121,354,5359.77,2020-05-16 00:14:26
,651,191,2411.22,2020-04-28 18:19:26
,864,809,6987.97,2020-09-14 12:55:52
,617,832,7955.85,2020-06-27 14:24:52
,593,456,5786.7,2020-11-15 14:29:21
,234,866,3599.41,2020-11-26 04:38:26
,506,14,3533.37,2020-05-25 17:11:53
,539,88,4147.69,2020-08-03 18:43:30
,640,698,8674.27,2020-05-24 22:14:19
,839,250,4543.86,2020-04-09 18:51:16
,899,353,3144.19,2020-12-04 01:00:52
,87,862,5660.31,2020-12-01 02:37:05
,108,247,4867.43,2020-01-18 13:28:27
,458,38,5030.27,2020-03-02 01:19:42
,31,986,1691.55,2020-10-16 19:54:00
,759,50,2849.38,2020-09-12 05:07:41
,122,957,3075.48,2020-09-20 19:53:21
,274,576,2044.29,2020-06-23 11:32:48
,281,900,7434.1,2020-11-20 00:50:33
,42,738,5723.86,2020-04-16 13:49:16
,324,381,2043.1,2020-06-21 09:22:46
,613,437,8898.79,2020-04-05 08:15:58
,946,316,9385.33,2020-11-25 01:31:30
,498,738,9940.91,2020-10-05 15:57:17
,965,945,2741.53,2020-02-13 15:49:51
,372,490,5636.51,2020-07-16 03:25:33
,446,539,1849.76,2020-12-08 23:51:25
,865,907,5459.25,2020-03-18 13:02:39
,658,626,8940.88,2020-08-17 02:28:42
,607,202,358.59,2020-09-08 04:19:14
,419,177,8969.72,2020-04-13 21:47:30
,418,309,968.97,2020-10-28 08:27:45
,490,312,7506.03,2020-07-03 18:18:24
,437,905,6657.46,2020-02-22 03:16:09
,83,600,3248.19,2020-04-22 05:36:56
,666,110,7393.17,2020-11-07 22:57:06
,595,521,767.6,2020-11-10 03:46:28
,145,684,156.18,2020-02-10 06:14:04
,912,310,7610.78,2020-06-26 05:48:12
,800,61,715.19,2020-11-10 13:56:05
,627,3,6448.89,2020-07-23 04:34:17
,615,253,6410.79,2020-02-29 01:23:10
,76,672,5268.53,2020-05-21 03:42:15
,25,303,6111.83,2020-01-16 22:47:33
,770,16,9187.31,2020-09-15 13:44:24
,835,196,3739.36,2020-05-19 19:51:45
,320,275,8494.78,2020-02-08 08:20:09
,719,628,4272.58,2020-04-22 00:17:31
,354,607,4448.15,2020-06-23 18:40:10
,480,876,5557.2,2020-01-11 14:11:41
,800,740,8422.23,2020-10-18 01:20:17
,320,376,7458.56,2020-09-19 18:07:49
,65,491,3518.59,2020-05-13 04:00:12
,500,482,6276.38,2020-04-24 17:43:13
,219,337,2166.54,2020-08-29 01:09:35
,642,317,44.87,2020-06-18 09:09:12
,333,912,7856.49,2020-07-29 09:04:03
,99,934,7307.41,2020-08-28 02:06:47
,789,112,7987.62,2020-10-30 16:10:41
,558,80,4623.67,2020-04-10 19:44:24
,69,252,4663.09,2020-06-02 10:11:55
,818,451,1299.71,2020-03-13 15:51:34
,425,398,7462.98,2020-04-28 04:10:39
,107,686,4647.5,2020-11-14 19:25:05
,595,772,4741.99,2020-02-04 17:48:49
,917,558,8493.94,2020-07-04 01:27:17
,528,439,4928.95,2020-04-24 09:01:19
,217,251,2843.73,2020-11-23 07:44:28
,259,545,6897.84,2020-08-12 17:00:55
,180,466,3969.7,2020-12-15 23:04:08
,101,693,7252.8,2020-08-07 23:22:16
,632,376,6553.44,2020-12-15 23:31:14
,155,523,9313.31,2020-03-29 05:54:25
,248,924,9758.55,2020-02-06 13:02:54
,248,245,6506.04,2020-09-08 15:26:38
,630,805,3090.07,2020-09-04 04:45:51
,875,802,13.24,2020-03-21 20:12:28
,802,430,699.45,2020-07-06 08:23:15
,630,585,3333.48,2020-10-08 07:25:07
,460,947,7798.62,2020-09-20 13:55:57
,640,212,4964.25,2020-07-23 08:01:37
,686,630,1915.01,2020-12-09 23:48:28
,58,623,4598.22,2020-03-03 04:44:03
,361,428,3472.27,2020-07-20 22:24:37
,576,744,1599.65,2020-05-16 05:40:59
,940,197,5211.82,2020-05-20 18:56:21
,696,782,6978.71,2020-01-24 12:39:37
,122,937,1013.33,2020-02-05 01:46:48
,43,485,1035.89,2020-03-22 21:12:59
,858,26,3965.87,2020-02-02 04:33:21
,399,337,6211.49,2020-05-25 01:24:28
,429,647,3287.43,2020-11-04 00:34:00
,111,374,4637.47,2020-10-03 20:06:45
,402,465,7825.51,2020-04-20 23:38:14
,123,738,1274.63,2020-12-01 21:08:47
,623,988,4282.0,2020-03-08 17:51:46
,666,784,5674.25,2020-08-21 06:10:12
,431,179,5136.69,2020-10-22 17:41:10
,146,887,3233.02,2020-07-15 12:43:00
,916,371,2161.59,2020-06-28 06:54:24
,665,236,9861.27,2020-01-04 23:57:45
,830,366,1436.79,2020-06-06 16:04:47
,1,154,9974.28,2020-04-03 01:30:52
,87,273,3733.05,2020-08-16 17:00:54
,694,650,3761.76,2020-03-24 13:37:29
,973,918,6575.86,2020-10-27 19:32:13
,878,467,3125.63,2020-01-05 21:20:44
,556,745,8900.94,2020-06-21 02:45:22
,833,121,7931.77,2020-09-19 14:10:20
,334,292,9403.51,2020-11-24 02:41:28
,142,131,3389.83,2020-11-20 14:04:19
,811,949,1710.38,2020-04-09 02:04:59
,910,754,5369.7,2020-09-27 13:00:21
,397,434,8916.83,2020-10-12 13:51:11
,591,339,4124.38,2020-01-05 10:21:51
,762,586,4139.84,2020-11-19 03:24:45
,290,829,1299.96,2020-08-09 01:26:57
,916,156,4176.81,2020-11-28 06:51:47
,224,448,3296.66,2020-08-24 02:10:36
,539,125,2438.88,2020-10-19 19:47:04
,422,607,7581.72,2020-12-10 11:25:38
,164,429,1862.16,2020-02-01 17:59:42
,133,49,981.99,2020-10-08 17:39:29
,659,951,4369.72,2020-10-18 01:30:03
,709,457,1075.17,2020-08-15 08:05:09
,787,291,8495.25,2020-08-30 13:50:18
,4,145,3323.71,2020-08-18 12:25:20
,666,24,5179.74,2020-05-26 07:58:24
,399,731,2364.3,2020-02-21 06:03:10
,11,75,2297.45,2020-05-29 00:41:29
,404,340,3985.88,2020-05-10 03:57:22
,194,963,4508.04,2020-04-10 01:22:59
,337,477,68.52,2020-09-19 14:13:21
,383,77,5497.78,2020-10-07 06:49:23
,272,567,2972.4,2020-07-13 19:37:07
,180,379,5420.13,2020-12-12 13:18:40
,635,274,7824.64,2020-10-30 05:47:55
,780,482,8254.11,2020-09-23 06:58:28
,705,865,8303.17,2020-07-16 08:30:10
,982,463,1253.71,2020-07-08 14:48:57
,602,735,9036.19,2020-04-15 01:30:10
,165,881,4299.15,2020-12-06 05:47:55
,651,135,965.43,2020-09-02 17:54:21
,814,43,8838.21,2020-05-27 11:47:51
,112,945,6344.43,2020-02-23 18:53:54
,951,39,3845.14,2020-07-07 11:42:57
,298,596,6670.37,2020-07-03 02:32:02
,942,731,7293.02,2020-09-23 04:10:23
,455,187,4660.91,2020-05-05 20:23:40
,529,315,753.18,2020-11-22 13:48:31
,481,428,6809.03,2020-03-07 18:35:27
,356,237,45.91,2020-06-19 14:42:33
,461,843,2763.01,2020-05-21 21:56:19
,47,599,8562.68,2020-05-23 13:57:33
,146,945,5106.71,2020-08-04 04:41:28
,265,726,5113.05,2020-10-10 10:47:10
,683,786,5816.35,2020-02-18 07:52:17
,896,652,6610.18,2020-02-15 01:45:24
,728,341,2374.01,2020-10-10 04:08:34
,683,187,6168.36,2020-06-03 11:40:56
,310,807,8232.98,2020-08-19 08:17:42
,495,297,5021.83,2020-04-21 09:00:12
,502,708,1756.12,2020-11-20 01:42:57
,513,295,9817.43,2020-01-02 07:14:28
,221,827,349.51,2020-05-23 06:18:50
,383,976,2300.5,2020-01-12 21:41:33
,662,431,8840.97,2020-05-04 20:43:05
,742,904,913.36,2020-01-21 08:15:15
,788,691,9323.2,2020-04-06 06:28:45
,807,417,4110.07,2020-04-28 14:14:45
,799,104,8399.99,2020-05-25 01:35:53
,383,211,3758.07,2020-04-03 22:14:59
,241,191,8863.16,2020-03-02 13:41:56
,226,343,2204.76,2020-01-25 07:26:24
,771,861,5983.53,2020-04-20 12:24:51
,253,124,9184.34,2020-07-29 10:56:22
,830,478,521.27,2020-04-20 19:32:55
,310,978,8162.98,2020-05-17 21:43:43
,381,286,5397.51,2020-05-17 17:14:12
,183,443,3926.33,2020-10-26 16:19:27
,881,610,4120.47,2020-03-23 15:33:00
,474,815,2068.3,2020-05-25 13:54:44
,312,590,8891.66,2020-08-16 18:09:11
,740,786,2495.11,2020-09-26 20:21:45
,989,765,6150.98,2020-01-15 16:02:10
,898,680,5464.75,2020-11-07 11:42:47
,531,956,8237.04,2020-07-26 18:32:39
,614,116,3405.9,2020-02-23 10:58:15
,280,69,9980.42,2020-07-02 15:57:37
,42,865,8916.49,2020-09-06 20:05:09
,1000,112,686.22,2020-01-13 10:02:33
,982,418,8830.89,2020-04-06 19:52:52
,84,766,4590.74,2020-05-21 15:33:44
,352,976,2823.28,2020-12-10 06:50:02
,134,135,1517.2,2020-06-06 12:37:08
,4,693,5107.84,2020-01-27 22:48:12
,38,156,5262.86,2020-11-26 14:56:09
,652,627,9542.43,2020-02-06 17:26:33
,233,879,4441.78,2020-06-14 16:53:35
,490,143,402.88,2020-08-07 17:06:21
,604,744,5598.38,2020-03-30 07:01:15
,123,640,2443.82,2020-01-05 20:08:30
,785,249,5674.6,2020-06-11 09:19:32
,298,45,9535.96,2020-02-27 07:14:13
,131,258,6595.44,2020-08-27 06:31:46
,143,691,3229.91,2020-01-24 03:59:27
,662,667,1264.06,2020-11-19 07:08:24
,727,124,663.09,2020-08-23 17:35:19
,740,19,8193.27,2020-08-28 00:21:53
,833,314,128.07,2020-02-08 01:31:12
,448,448,5733.23,2020-09-02 08:00:55
,837,533,5122.57,2020-09-23 19:18:04
,560,705,9894.23,2020-01-20 08:33:58
,543,643,1853.72,2020-11-06 00:35:08
,503,419,2481.32,2020-08-29 13:58:24
,600,771,9894.58,2020-12-10 11:42:22
,298,918,8475.2,2020-03-24 13:17:10
,781,97,2498.83,2020-01-21 15:01:14
,58,339,8783.3,2020-07-19 06:28:38
,629,972,7497.95,2020-03-28 09:50:41
,387,519,3342.18,2020-09-13 02:53:14
,707,85,8761.49,2020-05-22 12:02:20
,478,478,910.85,2020-09-10 03:50:27
,483,995,2992.33,2020-04-10 21:15:21
,939,98,7532.65,2020-10-13 23:51:48
,415,948,734.0,2020-06-27 05:35:18
,193,271,5108.39,2020-05-09 16:05:55
,755,956,5388.39,2020-09-30 04:07:29
,815,757,4227.21,2020-01-24 10:35:01
,362,159,167.71,2020-02-05 00:56:26
,604,775,3732.78,2020-01-25 17:31:15
,680,948,8112.72,2020-10-15 22:29:31
,658,718,4291.78,2020-10-18 17:51:21
,263,411,7988.26,2020-02-15 17:00:38
,858,161,5549.48,2020-02-12 10:31:31
,499,803,9262.61,2020-11-15 10:00:49
,899,278,3705.72,2020-10-19 11:24:54
,610,3,7358.94,2020-05-05 13:32:20
,292,6,6559.93,2020-05-05 22:56:05
,933,589,938.72,2020-06-01 12:38:11
,342,352,7589.05,2020-05-02 18:15:59
,805,53,7751.88,2020-09-10 19:16:26
,745,825,6533.76,2020-07-14 03:09:59
,758,367,7281.8,2020-05-17 12:22:46
,786,557,5340.49,2020-01-03 17:41:46
,93,660,4007.47,2020-01-19 18:02:40
,967,36,1302.56,2020-07-22 20:34:08
,157,472,2885.58,2020-07-10 00:53:23
,895,28,6960.2,2020-01-18 18:26:43
,216,742,8779.7,2020-01-07 04:33:20
,989,32,5740.11,2020-04-10 11:39:18
,510,132,433.36,2020-07-25 23:53:07
,373,382,5139.26,2020-08-18 17:14:59
,594,724,1045.26,2020-01-14 22:17:47
,880,189,7013.78,2020-05-16 15:58:04
,433,35,8519.17,2020-07-27 16:49:43
,855,554,2075.76,2020-04-28 20:44:05
,876,740,7526.42,2020-03-01 06:04:22
,828,210,1246.78,2020-03-10 23:17:03
,82,420,501.6,2020-04-08 01:43:09
,933,774,5522.44,2020-10-13 13:27:43
,752,946,6156.98,2020-07-13 12:16:42
,116,706,8764.97,2020-07-05 21:38:10
,298,799,8419.16,2020-02-20 21:33:51
,253,675,1617.07,2020-10-12 01:00:00
,600,512,8312.87,2020-03-05 22:47:02
,365,76,6424.22,2020-11-03 02:37:47
,255,225,372.78,2020-04-08 06:13:33
,877,774,7868.74,2020-01-27 20:44:37
,221,138,8710.08,2020-03-16 00:51:08
,593,30,5426.7,2020-10-25 06:30:24
,65,903,2174.5,2020-04-29 09:40:58
,953,218,5490.89,2020-07-23 14:25:28
,717,428,4670.12,2020-01-26 08:04:47
,55,922,1601.65,2020-02-26 07:11:02
,583,827,4549.67,2020-08-12 13:06:29
,195,397,1135.92,2020-02-01 09:40:16
,533,206,5575.29,2020-05-09 16:33:24
,460,211,7532.06,2020-11-26 23:13:11
,282,739,5017.4,2020-04-04 03:52:20
,893,879,2424.19,2020-01-03 03:49:26
,542,241,4455.45,2020-09-26 01:25:05
,932,507,4777.01,2020-06-12 17:45:25
,702,591,9756.22,2020-08-07 00:26:02
,702,943,8988.71,2020-11-05 23:07:48
,125,615,6291.24,2020-04-26 11:01:18
,67,276,30.32,2020-02-21 09:44:26
,999,610,9268.53,2020-07-19 14:22:31
,153,49,4735.83,2020-09-18 14:21:47
,671,908,660.23,2020-02-16 12:06:42
,846,638,9738.56,2020-08-17 12:01:19
,320,466,9696.66,2020-01-17 20:38:25
,803,369,3605.52,2020-02-06 11:02:09
,859,329,8394.7,2020-09-20 05:46:17
,289,722,7923.9,2020-01-21 01:18:03
,343,700,671.52,2020-04-24 23:34:31
,30,856,2082.92,2020-11-25 05:59:14
,822,19,1237.63,2020-10-25 12:02:09
,616,585,3439.87,2020-01-26 04:10:56
,860,65,7167.22,2020-01-21 05:29:53
,46,128,6868.74,2020-08-04 10:00:21
,336,197,2785.04,2020-02-12 03:23:21
,869,566,6337.07,2020-07-30 15:37:58
,958,879,6210.24,2020-09-17 13:04:06
,992,706,822.33,2020-04-10 02:16:59
,524,934,1276.48,2020-08-26 11:41:12
,800,828,3189.07,2020-08-23 12:32:08
,243,396,2736.72,2020-08-14 01:48:04
,355,820,821.58,2020-04-07 05:05:23
,557,13,7372.4,2020-03-18 13:45:32
,141,788,8401.73,2020-07-27 06:06:58
,363,724,5919.67,2020-04-21 17:29:11
,598,350,525.69,2020-08-23 17:15:59
,566,952,5540.19,2020-12-10 20:11:00
,702,502,7759.14,2020-12-08 04:12:26
,498,924,4821.26,2020-04-08 05:50:09
,348,611,7318.3,2020-08-04 19:22:52
,796,546,9076.17,2020-03-27 21:47:23
,208,310,2881.82,2020-10-05 03:00:23
,487,485,5403.28,2020-06-01 16:51:31
,483,796,9193.72,2020-06-16 13:46:02
,639,151,8590.93,2020-01-09 02:32:02
,561,71,4125.84,2020-07-20 00:25:03
,73,652,9981.09,2020-05-25 16:21:53
,766,202,5582.25,2020-09-13 03:29:13
,66,458,2015.29,2020-07-21 10:23:28
,870,538,883.59,2020-06-23 16:11:21
,145,396,3116.14,2020-06-16 22:02:41
,558,102,7375.81,2020-01-02 13:51:50
,537,481,4356.17,2020-09-25 21:53:18
,514,821,7094.69,2020-07-14 17:25:22
,309,103,6071.72,2020-01-09 10:41:36
,374,143,7053.66,2020-04-12 21:23:24
,543,739,6978.74,2020-03-18 10:23:23
,859,996,887.8,2020-01-04 09:40:57
,794,412,3509.82,2020-12-10 04:04:35
,123,516,4449.31,2020-05-12 02:19:12
,822,294,6596.64,2020-05-26 02:03:29
,670,841,3963.68,2020-08-04 05:03:13
,598,394,9568.54,2020-09-14 10:50:36
,743,958,4663.72,2020-07-30 10:41:42
,920,394,7235.48,2020-09-23 18:25:50
,623,674,6040.16,2020-03-05 13:42:12
,854,494,641.02,2020-10-11 04:51:38
,511,89,8571.34,2020-08-06 10:11:46
,269,289,4891.94,2020-11-27 18:49:16
,237,706,3567.34,2020-08-28 11:33:23
,831,185,6310.03,2020-03-31 06:35:34
,617,467,159.57,2020-08-21 19:27:03
,495,632,4757.97,2020-08-26 08:53:58
,885,545,5247.59,2020-05-29 15:10:46
,198,950,6971.04,2020-06-07 16:05:26
,913,611,1891.64,2020-11-22 13:59:32
,419,807,3603.21,2020-06-13 10:27:51
,471,250,6630.78,2020-05-31 18:37:30
,304,341,4175.94,2020-10-04 19:54:48
,711,386,225.5,2020-11-18 08:39:27
,619,648,7246.84,2020-05-08 16:28:43
,79,128,4047.72,2020-06-01 14:05:55
,425,101,5714.66,2020-03-03 17:38:57
,987,840,1480.22,2020-11-24 16:31:21
,594,315,4370.45,2020-02-01 01:40:29
,314,327,8110.07,2020-03-28 14:56:13
,511,502,5091.86,2020-01-27 19:44:37
,301,237,2817.45,2020-10-27 00:08:05
,634,494,9023.6,2020-11-24 04:44:15
,358,40,8323.08,2020-08-05 00:31:36
,189,968,6066.2,2020-10-05 12:49:29
,912,483,5801.43,2020-10-25 16:26:38
,386,495,5032.39,2020-01-08 04:37:31
,477,728,3973.53,2020-09-20 22:30:57
,503,860,7716.02,2020-04-17 03:51:59
,24,654,5864.83,2020-10-04 23:58:50
,409,247,8687.95,2020-10-10 11:08:33
,306,139,3065.67,2020-10-30 00:00:36
,980,774,5214.28,2020-10-05 12:00:18
,605,193,7608.05,2020-04-21 09:41:10
,675,541,7351.0,2020-08-09 09:03:36
,226,77,7598.29,2020-12-09 15:06:13
,24,409,3251.29,2020-04-28 21:53:11
,336,466,5241.27,2020-07-15 21:18:32
,975,686,1365.37,2020-08-31 11:17:13
,769,251,2002.01,2020-11-05 00:57:01
,487,295,5930.87,2020-08-05 23:16:08
,201,223,7714.8,2020-10-14 07:23:33
,142,880,6922.69,2020-04-10 01:02:28
,615,127,448.05,2020-01-29 23:59:03
,204,772,5554.56,2020-09-15 03:52:55
,512,908,6755.5,2020-02-10 11:13:05
,776,15,9809.06,2020-05-07 00:07:27
,496,198,3206.11,2020-05-07 07:28:10
,170,519,3789.83,2020-09-11 11:28:01
,983,819,8775.78,2020-08-29 11:03:34
,74,1,4618.76,2020-06-03 07:37:51
,560,217,5973.06,2020-04-25 22:53:54
,646,52,6496.4,2020-01-12 05:39:38
,601,613,4310.93,2020-05-24 05:43:19
,981,212,8982.42,2020-08-03 03:25:09
,565,461,1885.56,2020-02-09 20:41:13
,579,858,7286.15,2020-07-16 17:15:45
,336,116,2195.42,2020-11-10 23:12:01
,659,928,7590.24,2020-08-27 12:25:29
,77,631,9434.48,2020-02-28 19:10:41
,707,327,1814.02,2020-12-15 17:41:56
,320,785,2288.95,2020-01-09 10:11:33
,290,209,2362.12,2020-01-11 19:26:32
,676,152,1230.46,2020-01-04 16:14:55
,106,370,591.26,2020-06-09 14:10:31
,558,551,8894.44,2020-09-09 17:48:40
,336,265,3297.82,2020-08-28 04:38:54
,776,662,5010.47,2020-02-04 06:26:31
,220,532,5399.12,2020-05-19 16:51:04
,243,471,8045.43,2020-10-14 18:02:22
,387,483,1955.53,2020-02-05 12:35:07
,928,84,8343.85,2020-02-25 23:49:40
,949,50,3643.9,2020-12-07 14:40:13
,108,563,5958.04,2020-07-03 22:45:14
,168,992,9632.77,2020-09-27 12:02:36
,769,165,1199.81,2020-09-16 01:27:35
,711,342,729.83,2020-02-13 11:26:08
,414,363,8945.2,2020-12-11 04:13:27
,24,197,7145.75,2020-01-22 17:18:51
,764,375,4239.04,2020-04-07 07:54:24
,684,548,9536.43,2020-05-02 04:02:13
,690,511,4514.53,2020-02-05 22:56:00
,973,928,8726.83,2020-10-13 21:34:08
,727,861,6430.03,2020-03-22 15:50:29
,368,793,9435.88,2020-07-28 16:46:15
,861,270,2160.81,2020-07-03 19:45:16
,192,292,738.19,2020-10-28 14:51:15
,847,202,5843.58,2020-01-23 02:11:46
,750,932,5762.74,2020-01-04 09:43:22
,83,25,5209.39,2020-02-27 04:33:56
,449,924,6120.95,2020-04-30 20:00:43
,62,37,1742.88,2020-07-03 14:16:32
,505,130,4902.89,2020-07-08 09:06:29
,464,165,7324.05,2020-08-12 15:04:47
,484,537,5342.5,2020-07-07 19:21:22
,865,998,2727.88,2020-07-24 11:37:52
,189,401,8996.0,2020-02-26 13:27:49
,208,951,1319.18,2020-06-26 00:14:18
,55,476,3903.16,2020-10-03 08:50:48
,608,189,2529.05,2020-06-12 09:10:51
,918,201,3064.34,2020-11-21 05:44:10
,758,874,1811.77,2020-02-10 23:45:36
,650,961,1408.08,2020-05-26 19:41:27
,733,884,5222.08,2020-08-10 06:39:35
,993,170,3432.01,2020-03-28 09:25:00
,3,878,4845.69,2020-06-27 03:33:05
,81,322,8474.22,2020-11-16 07:53:33
,709,457,1613.12,2020-01-12 22:23:17
,762,392,7623.13,2020-06-22 14:26:31
,181,729,5732.84,2020-11-03 04:02:02
,730,992,3408.17,2020-05-22 03:25:19
,655,449,6397.32,2020-11-24 15:26:25
,602,157,4075.87,2020-08-09 16:30:48
,217,137,9818.42,2020-01-29 05:16:25
,148,945,3563.6,2020-01-05 07:10:52
,492,924,8661.44,2020-01-13 04:13:01
,518,705,8400.98,2020-02-05 04:41:59
,665,305,9273.5,2020-01-25 13:41:08
,536,470,1593.4,2020-10-12 13:49:12
,521,74,8990.74,2020-07-11 01:19:20
,645,320,7559.11,2020-07-28 00:05:27
,546,851,5224.89,2020-07-24 19:26:47
,692,571,4807.77,2020-06-02 04:08:05
,259,27,1116.74,2020-11-24 21:00:44
,953,12,1950.37,2020-10-08 06:05:16
,594,46,9067.17,2020-07-01 03:13:48
,185,298,1866.2,2020-11-02 11:05:23
,379,828,4178.09,2020-09-01 17:51:14
,772,73,6781.04,2020-08-07 18:18:46
,746,485,1219.59,2020-05-29 08:13:00
,981,249,5754.66,2020-02-27 01:00:50
,715,610,5287.25,2020-01-11 17:48:34
,314,530,4700.71,2020-12-11 15:01:05
,401,830,5923.12,2020-08-18 02:59:58
,515,718,2907.58,2020-11-21 07:27:41
,986,568,3333.31,2020-02-22 22:54:23
,72,945,7743.44,2020-10-27 11:42:20
,437,661,7212.19,2020-06-28 02:46:20
,189,236,4528.75,2020-01-11 04:00:22
,729,958,2749.82,2020-09-03 09:19:28
,144,81,7096.13,2020-07-18 02:04:42
,988,115,5535.24,2020-10-23 19:13:54
,826,231,8749.31,2020-10-08 00:24:32
,204,928,1203.22,2020-09-30 01:25:28
,126,673,2185.91,2020-03-04 20:44:11
,411,953,386.67,2020-12-03 10:34:25
,799,465,6497.25,2020-08-13 07:25:45
,200,550,7844.71,2020-08-11 03:34:46
,440,589,7293.54,2020-07-10 12:11:50
,167,28,12.02,2020-05-30 00:50:55
,262,533,8172.14,2020-09-17 02:03:06
,673,345,6385.24,2020-03-09 08:51:59
,970,562,1403.83,2020-01-26 12:22:12
,452,31,5555.2,2020-08-15 14:37:26
,174,218,1432.13,2020-06-22 14:05:37
,740,929,9165.13,2020-08-17 03:49:04
,225,277,6433.53,2020-04-30 19:12:16
,347,431,5234.77,2020-07-05 14:34:21
,737,9,7655.07,2020-04-26 12:48:00
,739,390,8893.69,2020-01-04 06:11:13
,25,774,82.75,2020-04-14 04:27:11
,430,448,6729.94,2020-11-06 20:24:18
,878,972,2429.61,2020-03-06 19:51:52
,159,605,8988.54,2020-12-06 07:40:07
,507,509,6586.37,2020-01-14 01:33:08
,518,723,5398.48,2020-03-04 21:08:14
,153,415,8287.82,2020-04-23 08:36:15
,461,23,9631.5,2020-11-20 20:53:54
,637,507,8957.94,2020-02-22 21:16:13
,485,776,6436.14,2020-06-25 00:52:47
,257,421,8590.2,2020-01-15 06:20:45
,910,742,3579.83,2020-03-21 05:57:53
,469,444,9493.44,2020-11-16 21:00:49
,31,913,4875.52,2020-09-14 01:49:55
,73,655,7266.18,2020-09-23 22:33:30
,266,352,786.65,2020-11-16 07:35:25
,774,399,3539.72,2020-01-03 20:10:58
,445,107,4320.4,2020-10-08 03:18:47
,118,357,4148.79,2020-02-05 04:04:41
,494,269,9772.59,2020-10-19 07:01:20
,689,720,160.76,2020-02-26 06:52:19
,235,821,2289.75,2020-12-08 23:51:41
,338,714,8170.07,2020-12-02 09:54:24
,9,257,3851.95,2020-07-21 10:37:45
,387,629,302.36,2020-03-24 21:44:36
,270,475,1173.54,2020-11-03 01:28:14
,493,286,2571.19,2020-10-21 00:03:20
,786,280,71.12,2020-11-26 11:18:35
,308,267,2069.97,2020-08-16 11:46:37
,253,492,5594.74,2020-03-03 23:43:06
,25,733,911.89,2020-11-05 19:33:16
,70,423,2207.24,2020-06-17 18:43:56
,944,75,2515.59,2020-09-24 01:25:50
,711,243,9987.33,2020-10-19 16:13:13
,568,953,3209.23,2020-08-02 20:32:07
,881,87,6679.88,2020-03-12 10:50:32
,103,363,6052.23,2020-02-11 09:37:01
,488,755,5081.53,2020-02-27 11:22:28
,517,972,5283.29,2020-03-03 01:56:54
,381,855,194.16,2020-12-14 12:20:24
,360,800,187.6,2020-06-23 21:46:05
,145,776,9913.72,2020-01-20 05:17:13
,229,858,7531.49,2020-05-01 13:46:56
,849,580,3961.31,2020-02-04 18:37:45
,680,805,5372.69,2020-05-22 21:34:07
,521,564,4040.74,2020-09-20 16:35:07
,896,969,4430.62,2020-10-21 01:17:06
,992,850,2884.72,2020-09-12 16:37:56
,350,84,3439.96,2020-05-19 10:06:43
,805,667,3443.38,2020-10-16 07:00:39
,601,65,9947.6,2020-04-30 01:17:00
,486,327,4911.68,2020-05-25 07:57:52
,597,588,8578.56,2020-11-24 09:06:41
,927,470,5556.71,2020-10-28 07:02:32
,693,675,7625.15,2020-06-22 19:01:17
,214,753,3262.83,2020-02-01 23:00:15
,684,655,292.96,2020-06-12 07:31:47
,869,828,2965.94,2020-08-05 00:04:17
,332,204,1459.26,2020-07-29 02:51:22
,74,4,6489.45,2020-11-27 23:43:01
,222,72,5613.75,2020-07-26 09:25:01
,83,437,3569.65,2020-12-04 14:59:27
,288,429,3915.92,2020-11-29 04:05:22
,480,926,7492.54,2020-01-04 15:15:15
,462,814,485.04,2020-06-19 16:33:18
,18,45,1987.76,2020-04-19 13:32:46
,645,588,3272.89,2020-03-04 22:40:42
,376,830,7896.37,2020-06-08 22:06:56
,254,634,7852.21,2020-08-05 02:25:41
,119,550,1267.88,2020-02-22 20:36:21
,23,670,9150.04,2020-02-24 02:14:36
,669,677,3595.5,2020-10-20 22:34:56
,959,311,2006.33,2020-02-22 18:39:46
,104,818,7861.88,2020-09-26 22:42:33
,523,162,859.68,2020-11-01 00:07:27
,679,60,7829.52,2020-10-31 05:52:27
,715,741,7483.59,2020-01-28 10:07:34
,136,37,6172.92,2020-06-20 00:19:13
,619,588,9520.38,2020-01-19 07:00:14
,731,320,4994.25,2020-12-10 20:49:25
,758,243,4187.05,2020-04-22 21:37:28
,927,130,5944.64,2020-10-19 03:11:53
,848,470,4955.23,2020-05-18 10:25:26
,142,183,9838.54,2020-04-07 12:39:30
,52,959,4266.48,2020-01-20 11:10:08
,648,197,7090.7,2020-01-14 00:33:47
,464,833,3309.64,2020-02-02 10:03:31
,774,901,4497.08,2020-05-28 08:09:58
,954,175,3979.38,2020-11-07 10:40:22
,759,871,3630.03,2020-07-04 19:02:09
,310,982,2737.87,2020-06-26 18:13:24
,678,807,6823.44,2020-04-09 08:49:15
,918,104,5125.92,2020-07-09 22:29:40
,596,461,7706.14,2020-11-16 20:04:58
,698,126,4926.63,2020-03-29 16:59:37
,604,353,5784.01,2020-09-19 23:19:12
,178,450,2281.85,2020-05-20 09:08:57
,598,896,3918.01,2020-03-08 12:08:40
,881,848,4513.6,2020-06-23 18:35:51
,752,792,2042.39,2020-07-04 07:27:34
,319,992,1959.36,2020-02-26 09:26:20
,96,24,8609.78,2020-11-01 08:35:01
,643,400,8144.4,2020-07-13 09:41:56
,698,372,9234.29,2020-02-07 21:59:48
,993,957,1410.59,2020-02-02 07:20:23
,662,30,270.4,2020-03-29 23:33:03
,778,227,4830.55,2020-07-13 12:37:11
,412,589,2077.29,2020-11-10 04:54:28
,946,553,769.58,2020-06-10 17:06:26
,767,720,8322.17,2020-08-03 17:07:33
,869,369,3178.43,2020-03-11 09:05:16
,156,658,8671.53,2020-12-13 17:53:04
,964,536,8491.05,2020-11-14 09:19:29
,803,260,1180.41,2020-06-24 22:57:12
,913,289,7367.07,2020-04-01 16:32:51
,531,389,2110.24,2020-06-27 21:59:26
,309,128,539.79,2020-03-11 13:02:55
,799,613,279.36,2020-04-06 16:14:56
,108,781,4603.77,2020-01-11 07:21:43
,407,203,8295.04,2020-01-14 20:11:08
,247,362,9990.36,2020-10-06 13:15:11
,940,176,1636.02,2020-06-16 13:44:15
,109,317,6823.14,2020-01-23 17:31:10
,17,300,4715.56,2020-06-28 00:42:10
,535,962,4961.3,2020-08-22 08:14:04
,852,487,7344.34,2020-07-07 08:57:06
,950,637,2650.95,2020-10-12 18:49:47
,714,643,7634.59,2020-10-10 00:25:25
,711,74,7208.09,2020-10-25 07:32:31
,131,364,1388.82,2020-04-16 17:09:37
,955,255,976.7,2020-04-18 05:50:33
,505,420,4811.28,2020-09-25 09:42:51
,766,252,2190.66,2020-02-12 18:53:40
,871,186,7505.94,2020-02-21 02:44:27
,958,309,3682.85,2020-02-22 07:47:09
,354,250,3538.23,2020-02-28 23:24:22
,184,263,7734.31,2020-01-14 03:13:27
,661,462,5549.26,2020-01-07 03:32:21
,785,315,9435.29,2020-06-16 10:13:01
,771,7,7462.5,2020-01-14 03:48:24
,617,757,1737.66,2020-03-01 04:35:42
,956,215,1181.27,2020-07-14 21:00:07
,242,74,2049.56,2020-02-03 10:56:57
,547,568,5237.95,2020-04-25 23:55:42
,333,346,7310.73,2020-12-03 10:17:10
,88,905,7674.32,2020-05-09 22:46:25
,663,996,1267.17,2020-04-18 03:58:38
,255,448,7083.33,2020-03-02 14:33:09
,997,602,6555.98,2020-04-26 11:59:11
,282,951,5639.55,2020-08-22 08:34:48
,53,640,8288.37,2020-07-20 07:01:36
,495,203,3967.52,2020-06-01 06:25:11
,802,183,561.2,2020-07-29 07:30:53
,710,745,5692.07,2020-02-01 18:29:09
,386,443,6015.44,2020-10-10 07:04:06
,155,315,5957.46,2020-09-30 06:25:48
,22,175,2361.56,2020-08-20 18:25:34
,149,428,1191.06,2020-07-10 12:54:02
,993,435,2474.05,2020-05-16 03:02:00
,404,276,1955.14,2020-11-11 03:37:56
,724,572,4280.31,2020-08-23 02:00:51
,558,764,3385.75,2020-09-21 20:57:49
,283,700,675.06,2020-10-21 04:52:36
,432,169,4578.11,2020-02-07 04:07:02
,69,170,5342.18,2020-08-27 23:40:41
,196,25,9654.18,2020-04-27 17:50:47
,152,3,6075.06,2020-03-19 22:33:54
,265,336,1268.35,2020-11-02 07:50:09
,519,85,4173.44,2020-05-01 11:15:53
,912,474,2593.08,2020-02-04 19:52:24
,303,274,6686.22,2020-10-03 15:45:22
,151,349,4306.01,2020-03-12 07:33:55
,983,243,702.22,2020-08-25 07:41:49
,23,504,840.43,2020-11-13 04:14:10
,88,160,2626.12,2020-06-21 19:50:11
,478,269,8639.11,2020-11-15 14:27:51
,762,785,8768.19,2020-02-15 12:26:17
,382,46,1764.91,2020-07-23 00:27:03
,765,949,798.07,2020-02-25 19:24:21
,378,219,4863.68,2020-02-12 09:46:43
,809,872,3398.52,2020-09-28 15:00:47
,765,541,4902.8,2020-12-11 13:05:07
,121,481,704.0,2020-09-11 22:01:21
,905,977,8137.25,2020-08-15 20:22:41
,244,545,4311.2,2020-12-15 09:34:15
,292,276,7221.98,2020-10-07 07:03:17
,198,462,6399.94,2020-11-22 00:03:00
,919,711,7873.25,2020-04-20 20:55:05
,236,892,5872.72,2020-09-11 00:20:41
,325,427,9202.21,2020-07-01 23:27:41
,281,874,5927.63,2020-04-30 15:26:44
,679,528,5327.74,2020-06-12 16:07:18
,324,520,726.5,2020-03-09 17:02:47
,935,149,9286.41,2020-10-19 20:13:14
,416,879,9541.04,2020-12-08 04:42:05
,200,911,4360.29,2020-06-11 09:52:58
,294,790,3584.21,2020-09-29 09:08:23
,994,389,3942.53,2020-01-14 00:50:57
,139,156,3686.75,2020-02-05 07:56:44
,952,419,3105.9,2020-10-25 08:37:59
,41,554,5725.64,2020-11-03 18:01:43
,5,541,9448.61,2020-11-21 16:55:23
,677,834,9238.16,2020-01-18 02:18:34
,701,981,8693.47,2020-07-31 01:33:17
,731,964,755.19,2020-07-19 23:59:41
,948,848,1997.88,2020-10-23 20:41:39
,768,529,5186.54,2020-07-27 09:41:31
,771,143,3303.47,2020-03-13 11:14:34
,743,446,8765.09,2020-09-01 18:06:49
,971,1,7996.29,2020-09-24 07:46:02
,844,78,2815.34,2020-08-17 22:35:21
,239,669,2473.36,2020-01-07 21:24:28
,184,987,3938.3,2020-08-11 19:21:52
,33,519,1201.38,2020-06-08 11:16:01
,212,470,5256.62,2020-02-18 01:43:32
,608,329,877.06,2020-08-13 05:18:43
,765,79,8822.8,2020-09-07 06:37:14
,465,698,5477.48,2020-08-07 18:40:45
